"date","geography","geography code","Household size: Total: All household spaces; measures: Value","Household size: 0 people in household; measures: Value","Household size: 1 person in household; measures: Value","Household size: 2 people in household; measures: Value","Household size: 3 people in household; measures: Value","Household size: 4 people in household; measures: Value","Household size: 5 people in household; measures: Value","Household size: 6 people in household; measures: Value","Household size: 7 people in household; measures: Value","Household size: 8 or more people in household; measures: Value"
"2021","Hartlepool","E06000001",40930,0,13616,13844,6780,4547,1519,440,115,69
"2021","Middlesbrough","E06000002",60262,0,19964,18783,9819,7078,2823,1131,420,244
"2021","Redcar and Cleveland","E06000003",61638,0,20663,21884,9591,6554,2136,590,143,77
"2021","Stockton-on-Tees","E06000004",83756,0,25980,28734,13771,10297,3311,1013,407,243
"2021","Darlington","E06000005",48922,0,16714,17262,7362,5287,1679,444,122,52
"2021","County Durham","E06000047",234759,0,79529,84630,36310,24430,7040,2042,541,237
"2021","Northumberland","E06000057",146922,0,48149,56863,21121,15118,4219,1073,268,111
"2021","Newcastle upon Tyne","E08000021",122797,0,42031,39194,18742,13929,5284,2212,805,600
"2021","North Tyneside","E08000022",96232,0,33553,33266,14822,10971,2735,680,149,56
"2021","South Tyneside","E08000023",68289,0,24550,22878,11001,7092,2023,538,138,69
"2021","Sunderland","E08000024",122182,0,40368,42256,20562,13589,3809,1062,342,194
"2021","Gateshead","E08000037",89000,0,30807,31231,13652,9449,2589,802,237,233
"2021","Halton","E06000006",55951,0,17702,18910,9487,6809,2207,615,155,66
"2021","Warrington","E06000007",90540,0,27364,31577,15267,11776,3401,848,204,103
"2021","Blackburn with Darwen","E06000008",58767,0,17578,16675,9054,7827,4307,1983,800,543
"2021","Blackpool","E06000009",64789,0,24588,21375,9581,6076,2023,762,232,152
"2021","Cheshire East","E06000049",174857,0,53136,64854,27168,21449,6165,1522,373,190
"2021","Cheshire West and Chester","E06000050",155154,0,46887,56529,25045,19291,5455,1390,375,182
"2021","Allerdale","E07000026",43972,0,14672,16517,6194,4767,1344,347,80,51
"2021","Barrow-in-Furness","E07000027",31258,0,11308,10798,4493,3298,1008,260,61,32
"2021","Carlisle","E07000028",50663,0,17780,18164,7232,5235,1655,436,105,56
"2021","Copeland","E07000029",30789,0,10565,11246,4396,3276,948,265,70,23
"2021","Eden","E07000030",24613,0,7618,9858,3298,2617,862,241,66,53
"2021","South Lakeland","E07000031",47656,0,15487,19224,6223,4981,1329,297,72,43
"2021","Burnley","E07000117",39872,0,13126,12801,6279,4463,1857,800,315,231
"2021","Chorley","E07000118",50133,0,14660,18326,8190,6507,1820,451,132,47
"2021","Fylde","E07000119",37606,0,12863,14433,5201,3667,1075,246,83,38
"2021","Hyndburn","E07000120",34791,0,11434,11402,5449,3728,1611,642,291,234
"2021","Lancaster","E07000121",59983,0,19526,21376,8885,6871,2234,724,218,149
"2021","Pendle","E07000122",38066,0,11824,12183,5508,4255,2189,1159,479,469
"2021","Preston","E07000123",59609,0,19400,18312,9564,7401,3127,1195,366,244
"2021","Ribble Valley","E07000124",26747,0,7807,10220,4238,3273,905,204,64,36
"2021","Rossendale","E07000125",30562,0,9708,10398,4922,3737,1221,367,136,73
"2021","South Ribble","E07000126",48588,0,14496,17855,7965,6012,1684,413,113,50
"2021","West Lancashire","E07000127",48533,0,13989,17548,7964,6352,1950,524,154,52
"2021","Wyre","E07000128",50768,0,16346,19636,7409,5245,1559,425,96,52
"2021","Bolton","E08000001",118791,0,36521,36766,19218,15001,6336,2696,1169,1084
"2021","Bury","E08000002",80695,0,24880,26584,13122,10148,3621,1356,555,429
"2021","Manchester","E08000003",214729,0,71577,62664,32180,24487,12817,6275,2700,2029
"2021","Oldham","E08000004",93139,0,27396,28070,15256,11738,5397,2743,1261,1278
"2021","Rochdale","E08000005",90223,0,27641,27854,14951,11210,5003,2146,849,569
"2021","Salford","E08000006",115118,0,39141,37670,18097,12359,4608,1794,664,785
"2021","Stockport","E08000007",126645,0,39439,42565,20627,16999,5049,1328,399,239
"2021","Tameside","E08000008",99527,0,32374,32399,16536,11845,4169,1370,488,346
"2021","Trafford","E08000009",96269,0,28369,30169,16038,14824,4766,1448,410,245
"2021","Wigan","E08000010",143105,0,43950,49686,24370,17771,5425,1366,365,172
"2021","Knowsley","E08000011",66073,0,20645,20770,12369,8436,2832,758,194,69
"2021","Liverpool","E08000012",207491,0,76340,62338,32801,23081,8364,2854,1054,659
"2021","St. Helens","E08000013",81011,0,25561,28261,13961,9445,2798,716,188,81
"2021","Sefton","E08000014",123076,0,41520,40852,19654,14538,4632,1297,334,249
"2021","Wirral","E08000015",143252,0,49688,47215,22413,16632,5260,1411,424,209
"2021","Kingston upon Hull, City of","E06000010",115472,0,39446,36970,18409,13232,5002,1565,550,298
"2021","East Riding of Yorkshire","E06000011",152067,0,45678,61113,21775,17064,4743,1239,316,139
"2021","North East Lincolnshire","E06000012",69826,0,22718,24895,10966,7689,2535,693,227,103
"2021","North Lincolnshire","E06000013",73177,0,21366,27626,11507,8456,2908,913,259,142
"2021","York","E06000014",85459,0,26640,31780,12557,10372,2960,838,195,117
"2021","Craven","E07000163",26069,0,8440,10370,3429,2785,765,204,54,22
"2021","Hambleton","E07000164",40803,0,12176,16708,5801,4522,1216,284,70,26
"2021","Harrogate","E07000165",71169,0,21845,27300,10303,8740,2289,537,104,51
"2021","Richmondshire","E07000166",20944,0,6108,8448,3006,2394,694,226,51,17
"2021","Ryedale","E07000167",24716,0,7550,10178,3345,2566,803,203,49,22
"2021","Scarborough","E07000168",51123,0,18216,19496,6716,4490,1554,463,130,58
"2021","Selby","E07000169",39559,0,10556,15552,6469,5210,1338,306,101,27
"2021","Barnsley","E08000016",108050,0,33289,39307,17958,12350,3775,987,256,128
"2021","Doncaster","E08000017",133479,0,41667,47031,21951,15610,5110,1492,414,204
"2021","Rotherham","E08000018",113925,0,34225,40346,18652,13936,4593,1387,471,315
"2021","Sheffield","E08000019",231950,0,75759,77636,34992,27650,10083,3605,1306,919
"2021","Bradford","E08000032",209868,0,64596,62123,30899,25836,13918,6663,3195,2638
"2021","Calderdale","E08000033",90476,0,30308,30724,13462,10276,3591,1286,500,329
"2021","Kirklees","E08000034",177989,0,55176,58537,26964,22256,8985,3716,1385,970
"2021","Leeds","E08000035",341466,0,111380,113145,51679,42206,14687,5269,1844,1256
"2021","Wakefield","E08000036",153075,0,46419,54854,25346,18419,5567,1633,540,297
"2021","Derby","E06000015",105652,0,33054,33738,16423,13325,5234,1998,812,1068
"2021","Leicester","E06000016",127385,0,35173,32527,20944,19347,10455,4758,2118,2063
"2021","Rutland","E06000017",16694,0,4786,6814,2344,1994,583,126,36,11
"2021","Nottingham","E06000018",124745,0,41971,37590,18696,14280,6776,3115,1284,1033
"2021","North Northamptonshire","E06000061",148919,0,40715,52937,25312,20317,6749,2096,530,263
"2021","West Northamptonshire","E06000062",172641,0,46474,60072,29420,24645,8312,2506,767,445
"2021","Amber Valley","E07000032",56278,0,17166,21621,8525,6564,1761,441,136,64
"2021","Bolsover","E07000033",35262,0,10539,13197,5779,4050,1228,329,99,41
"2021","Chesterfield","E07000034",48059,0,17066,17159,6878,4939,1472,387,100,58
"2021","Derbyshire Dales","E07000035",32283,0,9890,13182,4401,3511,986,233,57,23
"2021","Erewash","E07000036",50334,0,15551,18742,8049,5803,1606,443,99,41
"2021","High Peak","E07000037",40772,0,12944,15089,6159,4811,1332,334,74,29
"2021","North East Derbyshire","E07000038",45987,0,14305,17761,6755,5291,1402,350,80,43
"2021","South Derbyshire","E07000039",45240,0,12249,17057,7552,5969,1764,462,137,50
"2021","Blaby","E07000129",42579,0,11095,15392,7214,6352,1858,469,137,62
"2021","Charnwood","E07000130",73785,0,20860,26012,12097,10251,3080,1003,323,159
"2021","Harborough","E07000131",40413,0,10514,15394,6442,5725,1680,425,143,90
"2021","Hinckley and Bosworth","E07000132",49447,0,13972,19177,7837,6161,1695,424,123,58
"2021","Melton","E07000133",22599,0,6363,9021,3395,2710,846,180,55,29
"2021","North West Leicestershire","E07000134",44972,0,12497,17024,7367,5754,1667,490,118,55
"2021","Oadby and Wigston","E07000135",22617,0,6347,7306,3760,3329,1251,415,134,75
"2021","Boston","E07000136",29402,0,8089,10784,4822,3763,1393,372,124,55
"2021","East Lindsey","E07000137",64754,0,19800,27693,8643,5691,2023,586,214,104
"2021","Lincoln","E07000138",42506,0,14137,14441,6509,4789,1665,619,216,130
"2021","North Kesteven","E07000139",50989,0,13989,20613,7891,6138,1778,427,110,43
"2021","South Holland","E07000140",40702,0,11051,16115,6469,4747,1616,484,139,81
"2021","South Kesteven","E07000141",62850,0,18226,24516,9546,7587,2200,571,138,66
"2021","West Lindsey","E07000142",42345,0,12680,17035,6078,4575,1385,418,114,60
"2021","Ashfield","E07000170",54508,0,16048,19882,9122,6489,2122,612,145,88
"2021","Bassetlaw","E07000171",51458,0,15492,19557,8094,5885,1774,452,147,57
"2021","Broxtowe","E07000172",48361,0,14581,18254,7480,5777,1653,418,128,70
"2021","Gedling","E07000173",51553,0,15514,18965,8347,6411,1673,443,139,61
"2021","Mansfield","E07000174",48032,0,14471,17313,7982,5729,1802,513,149,73
"2021","Newark and Sherwood","E07000175",53333,0,15746,20392,8322,6267,1893,508,137,68
"2021","Rushcliffe","E07000176",49882,0,13822,18574,7795,7172,1911,432,123,53
"2021","Herefordshire, County of","E06000019",82828,0,25434,32073,11947,9298,2946,796,228,106
"2021","Telford and Wrekin","E06000020",76510,0,21205,27059,13055,9695,3620,1232,410,234
"2021","Stoke-on-Trent","E06000021",110398,0,36179,36854,17327,12078,5033,1783,715,429
"2021","Shropshire","E06000051",139579,0,41428,54661,20205,16078,4835,1396,505,471
"2021","Cannock Chase","E07000192",43460,0,12573,15861,7502,5234,1712,414,105,59
"2021","East Staffordshire","E07000193",51292,0,14760,18209,8252,6446,2305,822,290,208
"2021","Lichfield","E07000194",45630,0,12662,17587,7377,5810,1610,411,111,62
"2021","Newcastle-under-Lyme","E07000195",53423,0,16588,19527,8551,6124,1872,536,149,76
"2021","South Staffordshire","E07000196",46121,0,12558,17896,7497,5910,1664,425,115,56
"2021","Stafford","E07000197",60047,0,17754,23322,9227,7128,1946,470,135,65
"2021","Staffordshire Moorlands","E07000198",42351,0,12536,16629,6332,4873,1490,345,100,46
"2021","Tamworth","E07000199",32896,0,8787,11893,5878,4379,1395,391,116,57
"2021","North Warwickshire","E07000218",27580,0,7642,10250,4628,3556,1084,301,89,30
"2021","Nuneaton and Bedworth","E07000219",56586,0,16345,19618,9818,7198,2515,776,206,110
"2021","Rugby","E07000220",47013,0,12774,16643,8006,6708,2044,548,179,111
"2021","Stratford-on-Avon","E07000221",59464,0,17306,23415,9057,7099,1922,471,127,67
"2021","Warwick","E07000222",62619,0,18999,21917,9921,8495,2272,683,212,120
"2021","Bromsgrove","E07000234",41265,0,11293,15069,6809,5932,1606,398,108,50
"2021","Malvern Hills","E07000235",34890,0,10303,14028,5071,3941,1132,307,73,35
"2021","Redditch","E07000236",36378,0,10102,12798,6307,4817,1647,488,141,78
"2021","Worcester","E07000237",44724,0,14157,15492,7127,5447,1689,548,168,96
"2021","Wychavon","E07000238",57357,0,15847,22833,8872,7097,2018,497,143,50
"2021","Wyre Forest","E07000239",45318,0,14377,16969,6729,5068,1546,418,145,66
"2021","Birmingham","E08000025",423456,0,133224,113012,63986,54503,29542,15649,7273,6267
"2021","Coventry","E08000026",134141,0,40777,39787,22556,18458,7827,2839,1194,703
"2021","Dudley","E08000027",137067,0,41709,46526,22691,17069,5961,1993,682,436
"2021","Sandwell","E08000028",130246,0,38042,36353,21854,18634,8688,3828,1556,1291
"2021","Solihull","E08000029",89484,0,25852,29628,14787,13210,4263,1182,369,193
"2021","Walsall","E08000030",112226,0,32129,34801,18679,15479,6831,2730,958,619
"2021","Wolverhampton","E08000031",105141,0,32468,30542,17539,14599,6342,2342,836,473
"2021","Peterborough","E06000031",84532,0,23516,26700,14515,11619,4858,2019,769,536
"2021","Luton","E06000032",78940,0,21068,20469,13153,11529,6476,3335,1596,1314
"2021","Southend-on-Sea","E06000033",78341,0,26102,25371,12385,9857,3242,945,284,155
"2021","Thurrock","E06000034",66376,0,16180,19262,12854,11472,4529,1441,411,227
"2021","Bedford","E06000055",74950,0,21448,24647,12411,10569,3831,1325,439,280
"2021","Central Bedfordshire","E06000056",120753,0,31171,43254,21077,18141,5197,1365,376,172
"2021","Cambridge","E07000008",52473,0,16660,17050,8400,6525,2085,775,323,655
"2021","East Cambridgeshire","E07000009",37203,0,10291,13877,5901,5140,1488,358,99,49
"2021","Fenland","E07000010",44083,0,12787,16857,6928,4979,1709,573,170,80
"2021","Huntingdonshire","E07000011",76879,0,21564,28895,12189,10226,2912,793,212,88
"2021","South Cambridgeshire","E07000012",66996,0,17574,24328,10870,10359,2995,665,132,73
"2021","Basildon","E07000066",76363,0,21474,24554,13258,11540,3810,1184,351,192
"2021","Braintree","E07000067",64984,0,17774,23651,10603,9082,2846,747,204,77
"2021","Brentwood","E07000068",32342,0,9402,10940,5285,4908,1365,327,79,36
"2021","Castle Point","E07000069",37388,0,10221,13567,6056,5188,1653,474,140,89
"2021","Chelmsford","E07000070",75403,0,21153,26360,12249,11286,3280,775,198,102
"2021","Colchester","E07000071",79708,0,23075,27877,12984,10970,3441,963,287,111
"2021","Epping Forest","E07000072",54557,0,14827,17990,9499,8356,2692,830,215,148
"2021","Harlow","E07000073",37857,0,10918,11457,6940,5704,1952,588,212,86
"2021","Maldon","E07000074",27900,0,7418,10698,4436,3767,1143,319,75,44
"2021","Rochford","E07000075",35559,0,9360,12823,5855,5470,1556,363,99,33
"2021","Tendring","E07000076",67453,0,23073,25249,8867,6644,2406,823,277,114
"2021","Uttlesford","E07000077",36958,0,9228,13236,6259,5900,1795,418,93,29
"2021","Broxbourne","E07000095",39849,0,10971,12262,7220,6461,2164,541,160,70
"2021","Dacorum","E07000096",63412,0,17851,20858,11024,9760,2853,759,201,106
"2021","Hertsmere","E07000098",42682,0,11527,13153,7624,7178,2310,622,170,98
"2021","North Hertfordshire","E07000099",56727,0,16903,19605,9021,8111,2300,592,125,70
"2021","Three Rivers","E07000102",36860,0,9697,11231,6635,6593,1967,509,143,85
"2021","Watford","E07000103",39627,0,11146,11334,7106,6294,2327,871,297,252
"2021","Breckland","E07000143",60359,0,16550,24205,9218,7048,2290,727,206,115
"2021","Broadland","E07000144",57759,0,16238,23360,8538,7177,1826,446,118,56
"2021","Great Yarmouth","E07000145",44544,0,14488,16486,6620,4492,1671,530,166,91
"2021","King's Lynn and West Norfolk","E07000146",67464,0,19829,26602,9971,7405,2510,783,255,109
"2021","North Norfolk","E07000147",48374,0,16319,20337,5726,4099,1328,383,130,52
"2021","Norwich","E07000148",64462,0,25098,20646,8800,6472,2307,833,198,108
"2021","South Norfolk","E07000149",61381,0,16990,24606,9127,7793,2106,546,143,70
"2021","Babergh","E07000200",40203,0,11382,16109,5902,4861,1439,382,98,30
"2021","Ipswich","E07000202",59510,0,19270,19363,9409,7452,2723,895,277,121
"2021","Mid Suffolk","E07000203",44344,0,11983,18369,6354,5408,1601,443,128,58
"2021","St Albans","E07000240",58990,0,15527,18943,9958,10556,3040,683,190,93
"2021","Welwyn Hatfield","E07000241",46211,0,12928,14321,8115,7266,2403,794,212,172
"2021","East Hertfordshire","E07000242",62022,0,16952,21563,10360,9683,2694,609,111,50
"2021","Stevenage","E07000243",36512,0,10568,11475,6468,5300,1841,624,157,79
"2021","East Suffolk","E07000244",110749,0,35819,42792,14923,11923,3838,1028,296,130
"2021","West Suffolk","E07000245",78746,0,25490,28502,11494,9288,2895,778,211,88
"2021","City of London","E09000001",4914,0,2506,1767,371,190,52,11,7,10
"2021","Barking and Dagenham","E09000002",73902,0,17503,16630,13943,13273,7147,3134,1296,976
"2021","Barnet","E09000003",148917,0,41658,42347,26841,22637,9113,3563,1542,1216
"2021","Bexley","E09000004",95299,0,24753,28297,17616,16104,5852,1814,576,287
"2021","Brent","E09000005",118615,0,31985,30225,20783,17500,8810,4512,2151,2649
"2021","Bromley","E09000006",135827,0,38668,43242,24235,21393,6040,1591,439,219
"2021","Camden","E09000007",92757,0,35929,28682,12979,9162,3747,1384,516,358
"2021","Croydon","E09000008",152946,0,43091,45181,27823,22312,9257,3362,1174,746
"2021","Ealing","E09000009",133658,0,35662,35953,23795,21198,9717,3984,1722,1627
"2021","Enfield","E09000010",120925,0,31159,32259,23242,19932,8456,3194,1283,1400
"2021","Greenwich","E09000011",114053,0,34048,34464,19487,15326,6348,2456,986,938
"2021","Hackney","E09000012",106081,0,34928,32643,17123,11627,5216,2220,1043,1281
"2021","Hammersmith and Fulham","E09000013",81244,0,29324,25940,12395,8457,3447,1074,375,232
"2021","Haringey","E09000014",105092,0,32293,31075,18054,13972,5509,2059,1040,1090
"2021","Harrow","E09000015",89642,0,19852,23520,17121,16517,6788,3097,1250,1497
"2021","Havering","E09000016",101278,0,26129,30782,18689,16434,6195,1986,686,377
"2021","Hillingdon","E09000017",109229,0,26635,29597,20484,18849,8247,3229,1223,965
"2021","Hounslow","E09000018",102963,0,26209,26606,19160,17182,7626,3294,1486,1400
"2021","Islington","E09000019",96496,0,34795,32524,14660,9171,3245,1146,478,477
"2021","Kensington and Chelsea","E09000020",66884,0,29232,19338,8247,5577,2619,1017,525,329
"2021","Kingston upon Thames","E09000021",65626,0,17716,19953,11957,11015,3482,1062,283,158
"2021","Lambeth","E09000022",134686,0,43154,44849,22469,14991,5477,2164,824,758
"2021","Lewisham","E09000023",122395,0,37147,38233,21153,15941,5867,2371,874,809
"2021","Merton","E09000024",81729,0,20464,24679,15139,13427,5062,1809,639,510
"2021","Newham","E09000025",115508,0,27038,29262,19830,17444,10555,5546,2700,3133
"2021","Redbridge","E09000026",103713,0,23886,24386,18837,19096,9526,4295,1955,1732
"2021","Richmond upon Thames","E09000027",80705,0,23871,25216,13861,12962,3615,841,228,111
"2021","Southwark","E09000028",130818,0,43348,42744,21078,14423,5619,2133,739,734
"2021","Sutton","E09000029",82351,0,22197,24218,15236,14150,4648,1359,354,189
"2021","Tower Hamlets","E09000030",120539,0,38531,37437,17229,12514,7442,4036,1747,1603
"2021","Waltham Forest","E09000031",102901,0,26696,29957,18668,15319,6585,2968,1329,1379
"2021","Wandsworth","E09000032",137393,0,41132,46877,23047,17358,6119,1839,609,412
"2021","Westminster","E09000033",94815,0,40443,28605,12069,7583,3620,1455,491,549
"2021","Medway","E06000035",111458,0,30462,35753,19650,16738,6200,1875,524,256
"2021","Bracknell Forest","E06000036",50248,0,13465,16970,8935,7743,2258,639,162,76
"2021","West Berkshire","E06000037",66658,0,18008,24134,11005,9680,2807,748,207,69
"2021","Reading","E06000038",67683,0,19262,21183,11577,9585,3685,1426,584,381
"2021","Slough","E06000039",52423,0,11948,11950,9848,9564,4666,2369,1011,1067
"2021","Windsor and Maidenhead","E06000040",60935,0,16715,20250,10329,9479,2754,865,264,279
"2021","Wokingham","E06000041",69164,0,16265,23529,12396,12405,3405,832,223,109
"2021","Milton Keynes","E06000042",113102,0,29795,36133,20168,17498,6312,2152,668,376
"2021","Brighton and Hove","E06000043",121402,0,42101,40770,18122,14243,4244,1380,352,190
"2021","Portsmouth","E06000044",86154,0,27607,27805,13930,10788,4032,1291,476,225
"2021","Southampton","E06000045",102291,0,33711,32884,15636,12333,4934,1822,593,378
"2021","Isle of Wight","E06000046",64772,0,22484,25005,8437,5906,2025,626,184,105
"2021","Buckinghamshire","E06000060",220328,0,57889,74977,36693,34470,11108,3331,1107,753
"2021","Eastbourne","E07000061",45610,0,16205,15668,6398,4909,1670,511,162,87
"2021","Hastings","E07000062",40453,0,14441,13249,5951,4419,1623,503,168,99
"2021","Lewes","E07000063",43688,0,13539,16174,6478,5236,1663,427,137,34
"2021","Rother","E07000064",42101,0,13713,16801,5463,4069,1371,467,141,76
"2021","Wealden","E07000065",68266,0,18745,26958,10216,8620,2720,746,178,83
"2021","Basingstoke and Deane","E07000084",76645,0,20406,27492,13085,11005,3347,925,241,144
"2021","East Hampshire","E07000085",52717,0,13910,20238,8392,7348,2100,542,129,58
"2021","Eastleigh","E07000086",56926,0,15107,20845,9401,8494,2293,590,120,76
"2021","Fareham","E07000087",48639,0,13009,19043,7695,6693,1668,386,92,53
"2021","Gosport","E07000088",35922,0,11443,13042,5385,4039,1397,405,141,70
"2021","Hart","E07000089",39964,0,9836,14388,6854,6621,1790,362,75,38
"2021","Havant","E07000090",53589,0,15957,19947,8100,6469,2109,691,210,106
"2021","New Forest","E07000091",77565,0,22737,31381,10944,8818,2706,725,171,83
"2021","Rushmoor","E07000092",39300,0,10502,12618,7036,5974,2045,757,250,118
"2021","Test Valley","E07000093",54703,0,14464,20828,8947,7540,2145,575,136,68
"2021","Winchester","E07000094",51717,0,14333,19105,7874,7395,2271,545,146,48
"2021","Ashford","E07000105",53582,0,13861,18895,9068,7794,2670,886,275,133
"2021","Canterbury","E07000106",63792,0,19046,22843,9959,7927,2746,908,260,103
"2021","Dartford","E07000107",45696,0,11827,14013,8413,7779,2633,706,233,92
"2021","Dover","E07000108",50548,0,15658,18675,7732,5619,1950,608,199,107
"2021","Gravesham","E07000109",41724,0,11212,12749,7250,6607,2631,853,265,157
"2021","Maidstone","E07000110",71207,0,18800,25050,12023,10546,3349,959,293,187
"2021","Sevenoaks","E07000111",49011,0,12990,16893,8198,7760,2396,562,130,82
"2021","Folkestone and Hythe","E07000112",48339,0,15728,17799,6863,5199,1821,629,195,105
"2021","Swale","E07000113",60495,0,15957,21206,10223,8451,3029,1057,379,193
"2021","Thanet","E07000114",62200,0,20839,21791,9244,6716,2430,806,233,141
"2021","Tonbridge and Malling","E07000115",53576,0,13698,18695,9279,8511,2568,599,153,73
"2021","Tunbridge Wells","E07000116",48222,0,14198,16415,7762,7104,2089,482,106,66
"2021","Cherwell","E07000177",65893,0,17339,23650,11378,9456,2834,845,243,148
"2021","Oxford","E07000178",55239,0,16096,17088,8842,7476,3182,1310,682,563
"2021","South Oxfordshire","E07000179",61497,0,16105,22830,10037,9007,2639,640,165,74
"2021","Vale of White Horse","E07000180",57498,0,15437,21323,9425,8098,2408,590,152,65
"2021","West Oxfordshire","E07000181",47981,0,13206,18068,7774,6394,1934,444,109,52
"2021","Elmbridge","E07000207",55591,0,14972,17591,9490,10074,2721,554,136,53
"2021","Epsom and Ewell","E07000208",31320,0,7625,9961,5705,5782,1616,415,135,81
"2021","Guildford","E07000209",55763,0,14840,19409,9288,8706,2597,672,162,89
"2021","Mole Valley","E07000210",37140,0,11053,13163,5699,5208,1515,356,94,52
"2021","Reigate and Banstead","E07000211",59849,0,15797,19597,10617,9950,2869,732,183,104
"2021","Runnymede","E07000212",34839,0,9939,11461,5859,5188,1678,501,146,67
"2021","Spelthorne","E07000213",41805,0,11665,13315,7490,6538,1956,560,179,102
"2021","Surrey Heath","E07000214",36008,0,9067,12523,6175,5919,1662,464,141,57
"2021","Tandridge","E07000215",35623,0,9702,12155,6020,5551,1616,416,109,54
"2021","Waverley","E07000216",52448,0,14642,18641,8096,8118,2315,462,122,52
"2021","Woking","E07000217",41436,0,11124,13518,6998,6671,2068,664,235,158
"2021","Adur","E07000223",27677,0,8414,9684,4360,3696,1128,269,85,41
"2021","Arun","E07000224",72661,0,22768,27801,10420,8088,2553,713,209,109
"2021","Chichester","E07000225",54122,0,16841,20980,7468,6187,1946,505,134,61
"2021","Crawley","E07000226",45502,0,11517,13987,8280,7360,2792,1056,322,188
"2021","Horsham","E07000227",62368,0,17535,23545,9676,8486,2365,585,109,67
"2021","Mid Sussex","E07000228",63349,0,17421,22501,10289,9613,2682,625,134,84
"2021","Worthing","E07000229",49535,0,16764,17066,7455,5837,1729,495,132,57
"2021","Bath and North East Somerset","E06000022",79250,0,23077,28379,12065,11067,3378,931,246,107
"2021","Bristol, City of","E06000023",191639,0,57862,64236,30135,25245,8788,3225,1181,967
"2021","North Somerset","E06000024",94649,0,29090,34811,13872,12183,3475,877,222,119
"2021","South Gloucestershire","E06000025",118101,0,30747,42563,19821,17980,5059,1360,382,189
"2021","Plymouth","E06000026",114557,0,37338,40178,17651,13129,4290,1347,379,245
"2021","Torbay","E06000027",62994,0,21883,22917,8508,6310,2235,714,245,182
"2021","Swindon","E06000030",95863,0,27219,31933,16144,13822,4530,1375,483,357
"2021","Cornwall","E06000052",250538,0,76862,96146,36219,28035,9232,2753,848,443
"2021","Isles of Scilly","E06000053",943,0,307,402,94,95,26,11,3,5
"2021","Wiltshire","E06000054",215083,0,60574,81164,33692,28205,8490,2186,535,237
"2021","Bournemouth, Christchurch and Poole","E06000058",173841,0,56531,61650,25969,20627,6340,1877,568,279
"2021","Dorset","E06000059",169257,0,51741,68961,22917,18049,5470,1488,408,223
"2021","East Devon","E07000040",66788,0,20056,27221,8914,7329,2324,646,182,116
"2021","Exeter","E07000041",52553,0,17021,17881,7823,6378,2215,814,263,158
"2021","Mid Devon","E07000042",35631,0,10238,13825,5031,4448,1468,427,119,75
"2021","North Devon","E07000043",43197,0,13257,16576,6096,4968,1605,477,136,82
"2021","South Hams","E07000044",39337,0,11621,15975,5492,4368,1369,361,90,61
"2021","Teignbridge","E07000045",59837,0,18406,23537,8351,6722,2012,573,157,79
"2021","Torridge","E07000046",30460,0,9330,12392,4058,3100,1066,364,97,53
"2021","West Devon","E07000047",24819,0,7300,10182,3325,2711,919,251,72,59
"2021","Cheltenham","E07000078",52899,0,18432,18513,7319,6242,1773,426,121,73
"2021","Cotswold","E07000079",40592,0,12261,16288,5646,4631,1335,317,73,41
"2021","Forest of Dean","E07000080",37216,0,10579,14707,5620,4251,1431,438,123,67
"2021","Gloucester","E07000081",55407,0,16754,18652,8986,7284,2549,812,231,139
"2021","Stroud","E07000082",52378,0,15257,19795,7870,6814,1956,513,116,57
"2021","Tewkesbury","E07000083",40931,0,11551,15605,6296,5508,1452,365,105,49
"2021","Mendip","E07000187",50293,0,15152,18961,7544,6082,1828,530,142,54
"2021","Sedgemoor","E07000188",53903,0,15620,20551,8241,6392,2149,643,201,106
"2021","South Somerset","E07000189",75937,0,22859,29764,10986,8524,2729,756,206,113
"2021","Somerset West and Taunton","E07000246",69986,0,22397,26771,9828,7568,2479,651,178,114
"2021","Isle of Anglesey","W06000001",30822,0,10189,11246,4435,3284,1195,325,89,59
"2021","Gwynedd","W06000002",51105,0,17664,17612,7155,5531,2157,678,191,117
"2021","Conwy","W06000003",52235,0,17909,19249,7443,5156,1723,507,153,95
"2021","Denbighshire","W06000004",42387,0,14107,15214,6170,4510,1612,528,171,75
"2021","Flintshire","W06000005",66911,0,19471,24340,11233,8479,2498,661,161,68
"2021","Wrexham","W06000006",57914,0,17662,20423,9795,7055,2162,592,156,69
"2021","Ceredigion","W06000008",30892,0,10202,11845,4045,3103,1124,380,114,79
"2021","Pembrokeshire","W06000009",55487,0,18507,20546,7797,5691,2084,585,189,88
"2021","Carmarthenshire","W06000010",81759,0,25349,29813,12553,9392,3222,980,291,159
"2021","Swansea","W06000011",104962,0,36154,35218,15877,12001,3996,1171,367,178
"2021","Neath Port Talbot","W06000012",62376,0,20368,21531,10255,7283,2151,578,154,56
"2021","Bridgend","W06000013",62360,0,18664,22412,10481,7461,2420,651,163,108
"2021","Vale of Glamorgan","W06000014",57446,0,17841,20368,9111,7186,2275,496,124,45
"2021","Cardiff","W06000015",147333,0,47463,47353,23187,18472,6717,2479,976,686
"2021","Rhondda Cynon Taff","W06000016",103340,0,32170,35250,17769,12881,4015,922,230,103
"2021","Caerphilly","W06000018",76257,0,22965,26687,13138,9500,2922,752,203,90
"2021","Blaenau Gwent","W06000019",30340,0,10175,10462,5174,3182,1020,231,71,25
"2021","Torfaen","W06000020",40241,0,12316,14189,6866,4784,1478,428,121,59
"2021","Monmouthshire","W06000021",40925,0,12287,15862,6144,4765,1387,347,89,44
"2021","Newport","W06000022",66053,0,19997,21708,11114,8436,2914,1031,437,416
"2021","Powys","W06000023",60182,0,19841,22962,8037,6194,2269,597,192,90
"2021","Merthyr Tydfil","W06000024",25783,0,8258,8616,4503,3109,964,240,66,27
