date,geography,geography code,Religion (detailed): Total: All Usual Residents,Religion (detailed): Christian,Religion (detailed): Buddhist,Religion (detailed): Hindu,Religion (detailed): Jewish,Religion (detailed): Muslim ,Religion (detailed): Sikh,Religion (detailed): No religion,Religion (detailed): No religion: Agnostic,Religion (detailed): No religion: Atheist,Religion (detailed): No religion: Free Thinker,Religion (detailed): No religion: Humanist,Religion (detailed): No religion: No religion,Religion (detailed): No religion: Realist,Religion (detailed): Other religion,Religion (detailed): Other religion: Alevi,Religion (detailed): Other religion: Animism,Religion (detailed): Other religion: Baha'i,Religion (detailed): Other religion: Believe in God,Religion (detailed): Other religion: Brahma Kumari,Religion (detailed): Other religion: Chinese Religion,Religion (detailed): Other religion: Church of All Religion,Religion (detailed): Other religion: Confucianist,Religion (detailed): Other religion: Deist,Religion (detailed): Other religion: Druid,Religion (detailed): Other religion: Druze,Religion (detailed): Other religion: Eckankar,Religion (detailed): Other religion: Heathen,Religion (detailed): Other religion: Jain,Religion (detailed): Other religion: Mixed Religion,Religion (detailed): Other religion: Mysticism,Religion (detailed): Other religion: Native American Church,Religion (detailed): Other religion: New Age,Religion (detailed): Other religion: Occult,Religion (detailed): Other religion: Other religions,Religion (detailed): Other religion: Own Belief System,Religion (detailed): Other religion: Pagan,Religion (detailed): Other religion: Pantheism,Religion (detailed): Other religion: Rastafarian,Religion (detailed): Other religion: Ravidassia,Religion (detailed): Other religion: Reconstructionist,Religion (detailed): Other religion: Satanism,Religion (detailed): Other religion: Scientology,Religion (detailed): Other religion: Shamanism,Religion (detailed): Other religion: Shintoism,Religion (detailed): Other religion: Spiritual,Religion (detailed): Other religion: Spiritualist,Religion (detailed): Other religion: Taoist,Religion (detailed): Other religion: Theism,Religion (detailed): Other religion: Thelemite,Religion (detailed): Other religion: Traditional African Religion,Religion (detailed): Other religion: Unification Church,Religion (detailed): Other religion: Universalist,Religion (detailed): Other religion: Valmiki,Religion (detailed): Other religion: Vodun,Religion (detailed): Other religion: Wicca,Religion (detailed): Other religion: Witchcraft,Religion (detailed): Other religion: Yazidi ,Religion (detailed): Other religion: Zoroastrian,Religion (detailed): Religion not stated
2021,Hartlepool,E06000001,92338,48495,180,222,27,1213,166,36995,23,21,0,3,36948,0,285,0,0,1,1,0,0,0,0,3,5,0,0,12,6,4,0,0,0,0,47,2,85,1,1,0,0,14,0,3,0,23,45,5,3,0,0,0,0,0,0,18,1,0,5,4755
2021,Middlesbrough,E06000002,143923,66143,437,1436,41,14703,606,52415,38,22,0,10,52345,0,459,0,0,5,4,0,0,0,0,3,8,0,0,7,2,3,0,0,0,0,102,5,134,2,9,0,2,20,2,1,2,36,69,5,1,0,2,0,1,0,0,28,1,1,4,7683
2021,Redcar and Cleveland,E06000003,136530,72359,280,139,37,984,70,54921,39,25,0,16,54841,0,492,0,0,2,2,0,0,0,0,3,4,0,0,13,3,6,1,1,0,1,83,5,192,3,4,0,0,13,0,1,3,45,62,4,1,0,0,0,0,0,1,35,4,0,0,7248
2021,Stockton-on-Tees,E06000004,196593,100420,532,811,61,6675,782,76839,61,38,2,19,76719,0,549,2,2,0,6,0,0,0,0,5,5,0,0,11,13,10,0,1,1,0,97,2,182,8,4,0,4,16,1,0,2,44,84,2,0,0,0,1,3,0,0,33,3,2,5,9924
2021,Darlington,E06000005,107801,56194,344,453,36,1849,443,42780,41,35,0,17,42687,0,406,4,1,6,3,0,0,0,0,2,3,0,0,11,1,11,0,0,0,3,82,2,120,3,5,0,1,9,2,1,2,43,62,5,1,1,0,0,1,0,0,20,1,0,0,5296
2021,Halton,E06000006,128476,75269,291,327,46,805,80,45260,39,16,2,9,45194,0,452,0,0,0,0,0,0,0,0,0,2,0,0,5,0,3,0,0,0,0,96,0,146,2,3,0,1,6,1,1,2,37,119,1,1,1,0,0,0,0,2,22,0,0,1,5946
2021,Warrington,E06000007,210978,119650,605,1495,190,3686,478,73041,72,45,1,23,72900,0,799,9,0,8,9,0,0,0,0,3,4,0,1,22,22,28,0,0,0,2,159,8,241,0,12,0,0,11,3,9,8,80,104,6,1,0,0,0,1,0,0,40,1,5,2,11034
2021,Blackburn with Darwen,E06000008,154738,58793,262,483,49,54146,139,32717,43,17,0,11,32646,0,438,0,0,5,1,0,4,1,0,1,4,1,0,14,9,7,0,0,2,0,118,3,110,4,5,0,0,5,1,1,1,29,58,5,1,0,0,0,1,0,0,23,0,3,21,7711
2021,Blackpool,E06000009,141034,71698,500,511,227,2004,109,57812,50,30,1,12,57719,0,705,0,1,2,2,0,0,0,0,3,6,0,3,17,3,8,1,0,1,0,123,4,244,7,8,0,0,14,0,1,1,37,158,7,0,1,4,0,1,0,0,43,2,0,3,7468
2021,"Kingston upon Hull, City of",E06000010,267016,106411,746,646,146,9285,277,131424,134,49,2,26,131212,1,1124,81,1,24,3,1,0,0,0,4,8,0,0,38,9,12,0,0,0,1,239,5,397,6,13,9,2,24,1,3,3,62,76,9,5,0,3,0,1,0,0,72,7,2,3,16957
2021,East Riding of Yorkshire,E06000011,342215,182396,885,758,284,1966,227,133915,139,49,6,59,133662,0,1224,15,1,5,17,0,0,1,0,3,12,0,0,31,9,25,0,0,1,4,205,13,463,9,16,3,6,12,5,4,6,101,145,9,8,1,0,0,2,3,1,81,4,0,3,20560
2021,North East Lincolnshire,E06000012,156969,71063,417,425,79,1922,183,73008,57,27,0,13,72911,0,654,10,1,5,7,0,0,0,0,3,7,4,0,22,5,14,0,1,0,0,155,4,171,2,14,0,0,11,5,0,1,43,102,7,1,1,0,0,1,0,0,52,4,1,0,9218
2021,North Lincolnshire,E06000013,169685,88455,406,418,49,4201,566,65585,56,24,0,22,65478,5,615,19,1,4,2,0,0,0,0,2,7,0,0,15,1,17,0,0,2,0,143,5,217,2,6,4,2,9,0,2,2,40,63,6,0,0,0,0,2,0,0,37,2,0,3,9390
2021,York,E06000014,202816,89019,1045,1043,273,2488,179,93578,257,76,2,51,93192,0,1261,113,5,35,3,0,0,0,2,9,7,0,1,33,10,25,1,1,0,3,232,8,316,9,9,0,7,45,6,65,6,140,94,20,0,1,1,0,1,0,0,43,7,0,3,13930
2021,Derby,E06000015,261364,104969,828,3065,150,29137,9762,95638,95,49,0,44,95450,0,1298,8,4,6,12,2,0,0,0,3,9,0,0,20,22,44,0,0,0,2,239,11,388,6,27,82,4,21,6,2,5,95,166,14,5,0,4,0,4,1,0,69,5,4,8,16517
2021,Leicester,E06000016,368571,91161,1181,65821,326,86443,16451,84607,148,48,3,23,84385,0,2072,97,1,20,11,6,0,0,0,6,6,10,2,18,513,95,0,0,3,2,304,18,307,18,51,142,4,28,1,3,1,149,107,18,4,1,3,0,4,0,1,66,8,8,36,20509
2021,Rutland,E06000017,41051,22728,150,125,53,258,67,15238,19,7,0,10,15202,0,201,0,0,2,2,0,0,0,0,1,5,0,0,6,0,7,0,0,0,0,40,2,58,1,20,0,0,12,0,0,0,19,16,0,1,0,2,0,0,0,0,6,1,0,0,2231
2021,Nottingham,E06000018,323629,112200,1671,5403,941,39540,4110,133403,226,105,1,31,133040,0,2262,264,4,36,58,0,0,0,0,16,13,6,5,40,112,48,0,3,1,8,411,21,529,9,82,11,4,48,8,32,6,191,136,23,4,1,6,0,2,0,1,86,7,14,16,24099
2021,"Herefordshire, County of",E06000019,187039,102614,646,384,142,790,117,68474,90,48,0,70,68266,0,910,2,8,17,3,0,0,0,1,3,11,0,0,28,0,46,1,0,0,1,198,6,300,14,5,1,0,13,6,6,1,95,81,17,2,1,0,0,7,0,0,26,6,0,4,12962
2021,Telford and Wrekin,E06000020,185542,88275,597,1352,78,5043,2851,75964,66,41,0,19,75836,2,934,3,1,5,1,0,1,0,1,1,6,0,0,19,7,30,0,0,1,0,197,4,230,1,8,106,1,16,3,10,4,42,142,13,1,0,3,0,1,2,0,67,1,6,0,10448
2021,Stoke-on-Trent,E06000021,258370,118434,811,1356,83,23790,602,97433,95,39,0,27,97270,2,1151,31,1,3,5,1,0,0,0,3,10,0,0,33,10,19,2,0,2,0,212,6,355,7,38,3,3,24,5,3,1,68,197,8,3,0,0,0,1,1,1,87,4,0,4,14710
2021,Bath and North East Somerset,E06000022,193415,81553,996,875,325,1909,162,92567,179,62,3,52,92270,1,1098,5,7,11,5,1,1,0,0,7,14,2,2,11,12,39,0,0,3,4,251,5,299,16,17,10,4,14,1,10,5,166,77,23,3,0,0,0,7,0,1,50,4,0,11,13930
2021,"Bristol, City of",E06000023,472464,152126,2710,3545,1228,31776,2247,242865,610,207,0,121,241924,3,3544,11,19,92,28,1,0,1,0,15,22,6,3,34,30,133,3,1,1,15,787,38,820,54,148,0,10,114,9,11,16,587,252,71,7,5,9,1,6,0,0,99,13,42,30,32423
2021,North Somerset,E06000024,216725,100990,695,468,166,1346,117,98085,137,67,1,59,97821,0,1162,5,1,11,8,0,0,0,0,3,12,0,0,12,8,28,0,1,0,3,214,8,370,11,10,0,1,16,3,2,2,142,199,13,8,3,1,0,4,0,0,57,1,0,5,13696
2021,South Gloucestershire,E06000025,290428,128014,1056,2896,173,4720,1006,133750,181,75,0,42,133452,0,1321,4,5,20,7,0,0,0,1,5,11,0,1,10,41,40,0,0,0,2,327,9,375,9,14,1,3,29,1,3,7,136,165,16,3,1,11,0,3,0,0,56,3,1,1,17492
2021,Plymouth,E06000026,264696,112526,1018,814,207,3474,96,129337,177,77,3,45,129034,1,1529,10,6,14,10,0,0,0,1,5,15,0,0,46,3,41,2,1,0,3,290,7,480,11,18,2,3,28,13,23,3,174,159,15,3,0,1,0,1,0,0,128,12,0,1,15695
2021,Torbay,E06000027,139325,67634,553,223,141,788,60,60176,44,40,2,34,60056,0,979,0,1,12,1,1,0,0,0,3,11,0,4,8,0,18,1,3,1,5,180,13,270,9,5,1,1,15,0,2,1,100,231,13,0,0,0,0,4,0,0,55,7,0,3,8771
2021,Swindon,E06000030,233412,108778,1700,5865,131,6310,1448,94559,99,31,0,35,94394,0,1516,8,3,47,14,0,0,0,0,3,14,0,0,28,46,24,0,0,0,4,214,4,397,7,20,25,3,21,5,237,1,114,169,8,3,0,3,1,5,0,0,73,3,1,11,13105
2021,Peterborough,E06000031,215668,99802,617,3813,185,26239,1348,70065,74,35,0,30,69926,0,995,79,1,8,8,1,0,0,0,1,5,3,0,13,38,15,0,0,0,2,269,6,260,1,19,0,4,20,0,9,9,75,82,5,3,1,0,0,4,0,0,47,0,0,7,12604
2021,Luton,E06000032,225262,85297,664,7438,246,74191,3032,39581,61,42,3,15,39460,0,1116,17,0,16,7,0,2,0,0,5,2,0,2,6,214,44,0,0,0,1,285,3,116,4,43,104,1,8,7,1,0,87,91,7,1,0,4,2,0,0,2,22,1,1,10,13697
2021,Southend-on-Sea,E06000033,180687,76884,953,2057,2057,5461,203,81187,88,44,2,30,81023,0,1129,11,4,5,11,1,1,0,1,0,6,0,4,14,20,44,0,0,0,2,214,12,312,6,19,0,2,18,1,4,1,131,192,16,4,1,1,1,3,0,0,52,8,0,7,10756
2021,Thurrock,E06000034,175999,90940,703,2376,225,8586,2030,61042,52,26,3,7,60954,0,901,15,1,6,6,0,3,0,0,0,6,0,0,5,12,33,0,0,0,0,185,6,150,3,8,4,1,9,2,247,0,60,89,4,2,1,8,0,2,0,1,29,1,0,2,9196
2021,Medway,E06000035,279772,126097,999,3172,217,7636,4363,120311,107,46,2,30,120125,1,1704,51,1,23,2,2,0,0,0,1,11,2,4,29,22,37,0,0,1,3,301,3,437,4,33,181,6,35,4,108,1,124,160,8,1,0,1,5,4,0,0,88,5,0,6,15273
2021,Bracknell Forest,E06000036,124605,59141,1039,2942,190,2216,1055,50300,69,26,1,17,50187,0,741,1,0,14,5,0,0,0,0,1,3,0,0,2,22,36,0,1,2,1,169,3,139,1,5,4,1,7,4,156,5,53,56,5,0,1,0,0,2,0,1,36,1,0,4,6981
2021,West Berkshire,E06000037,161445,79217,552,2083,236,2107,367,66289,95,37,0,35,66122,0,703,0,4,11,3,2,0,0,0,1,4,1,0,11,27,30,0,0,2,0,152,4,178,7,5,0,4,13,5,3,4,67,102,13,2,1,0,0,3,0,0,33,0,0,11,9891
2021,Reading,E06000038,174229,68988,2887,8757,329,15481,1194,63287,168,50,0,35,63034,0,1244,9,0,20,8,0,0,0,1,4,8,1,5,11,67,53,2,0,5,2,257,5,182,10,33,1,3,26,1,230,12,125,96,9,3,1,3,0,1,0,0,34,1,0,15,12062
2021,Slough,E06000039,158501,50664,776,12343,85,46661,17985,20726,38,14,1,6,20667,0,717,9,0,8,6,6,0,0,0,3,1,0,0,2,102,45,0,0,2,0,175,0,49,3,18,113,1,3,1,43,1,44,36,2,0,0,5,0,3,4,0,15,1,0,16,8544
2021,Windsor and Maidenhead,E06000040,153497,76514,870,4706,521,8607,4517,47641,88,25,3,34,47491,0,695,2,0,18,6,1,1,0,0,0,1,2,4,6,60,61,0,0,0,2,142,0,110,4,5,7,4,6,4,8,7,87,89,12,0,2,1,0,0,0,0,20,0,0,23,9426
2021,Wokingham,E06000041,177506,79389,881,8464,435,8597,2992,65429,112,43,0,32,65242,0,775,12,1,25,4,0,0,0,0,5,2,3,3,9,85,50,0,1,1,0,167,8,121,4,13,6,2,5,0,2,6,95,83,13,0,1,1,0,3,0,0,25,0,0,19,10544
2021,Milton Keynes,E06000042,287057,122935,1404,12911,383,20484,1959,108955,119,62,0,41,108733,0,1553,2,4,24,17,0,2,0,1,9,3,0,1,15,144,57,2,1,2,5,342,9,373,6,18,6,4,27,1,17,15,126,162,22,5,0,5,3,3,14,3,61,5,1,36,16473
2021,Brighton and Hove,E06000043,277103,85629,2455,2100,2455,8500,378,152962,435,149,2,119,152257,0,2864,47,17,49,34,8,1,0,0,15,14,11,4,32,49,103,3,1,4,9,642,38,612,32,30,0,4,61,16,14,15,517,246,43,12,4,5,0,8,0,4,111,13,1,35,19760
2021,Portsmouth,E06000044,208004,81939,1077,1596,200,10174,459,97887,153,47,0,37,97650,0,1259,26,3,10,9,0,0,0,0,6,8,2,2,22,4,38,0,1,1,1,223,3,359,10,24,5,4,42,3,11,2,127,176,19,10,0,1,0,13,0,1,68,5,6,14,13413
2021,Southampton,E06000045,248923,99910,1333,3265,254,13893,4192,108000,198,74,0,40,107688,0,1664,18,0,7,8,1,0,0,0,6,10,0,4,30,49,45,0,0,1,7,336,7,465,10,20,26,5,32,3,0,12,169,266,23,10,1,2,0,3,0,0,63,7,0,18,16412
2021,Isle of Wight,E06000046,140459,67005,499,257,136,593,39,61722,82,29,2,37,61572,0,1109,2,4,9,3,0,0,0,0,2,19,0,0,21,5,22,1,0,1,1,155,12,385,14,11,0,3,18,3,1,2,107,219,14,3,1,0,0,1,0,0,61,4,0,5,9099
2021,County Durham,E06000047,522067,285167,1290,990,286,2922,839,201689,216,95,2,67,201308,1,2197,1,2,23,9,0,1,0,0,9,24,0,3,57,12,34,1,1,3,3,338,11,732,20,19,6,3,54,1,2,11,140,485,25,5,5,1,0,3,0,3,121,10,0,19,26687
2021,Cheshire East,E06000049,398768,216629,1314,2046,640,4140,371,150258,160,80,1,75,149942,0,1555,5,2,21,10,0,2,0,2,6,15,0,2,27,47,44,1,0,1,6,306,5,410,9,12,0,1,18,7,5,3,220,219,17,7,2,0,0,0,0,1,94,5,11,12,21815
2021,Cheshire West and Chester,E06000050,357151,194705,1074,1551,288,3506,251,135025,150,70,0,67,134736,2,1239,18,3,20,13,0,0,0,0,3,9,0,0,11,12,31,1,0,0,4,235,7,348,15,17,1,4,42,9,6,4,163,145,11,3,1,1,0,3,0,0,82,9,0,8,19512
2021,Shropshire,E06000051,323601,179516,895,557,182,1708,760,119574,149,61,2,92,119270,0,1478,3,4,16,6,1,0,0,0,8,31,0,0,16,6,39,0,1,2,1,292,16,498,18,15,17,3,15,7,4,3,150,152,14,5,0,1,0,4,0,2,117,9,0,2,18931
2021,Cornwall,E06000052,570302,259145,2079,547,507,1333,130,264036,357,211,4,184,263278,2,4391,5,20,43,24,0,0,1,0,10,67,0,2,79,2,111,0,2,9,11,680,41,1769,44,42,1,9,60,7,13,14,489,456,59,5,18,0,0,18,0,3,240,27,0,10,38134
2021,Isles of Scilly,E06000053,2054,967,3,1,1,0,0,950,3,0,0,1,946,0,7,0,0,0,0,0,0,0,0,0,0,0,0,0,0,0,0,0,0,0,0,0,3,0,0,0,0,0,0,0,0,2,0,0,0,0,0,0,0,0,0,2,0,0,0,125
2021,Wiltshire,E06000054,510334,256160,2521,2670,458,3508,483,210601,325,131,2,133,210006,4,3224,21,11,28,15,0,2,1,0,13,64,0,1,73,15,81,1,0,6,1,500,15,1032,25,103,0,14,63,5,228,10,310,350,33,10,0,0,1,11,0,0,158,12,0,11,30709
2021,Bedford,E06000055,185224,88178,629,3045,232,13059,4114,63240,69,30,1,37,63103,0,2016,26,0,16,2,0,0,0,1,1,5,1,1,20,27,34,0,0,0,0,276,5,256,3,23,748,3,22,5,0,1,77,65,8,4,0,3,0,5,298,1,49,4,0,26,10711
2021,Central Bedfordshire,E06000056,294253,140903,996,3035,620,3965,1399,126001,133,56,2,58,125751,1,1363,33,1,14,10,0,0,0,0,2,12,1,0,19,48,56,0,0,4,4,326,11,354,16,19,9,5,19,1,5,2,113,168,10,3,0,5,0,0,9,0,69,2,1,12,15971
2021,Northumberland,E06000057,320570,170668,752,446,172,1635,654,128706,121,54,0,68,128463,0,1356,5,5,21,5,0,0,0,0,10,15,1,2,37,8,45,0,1,2,4,227,11,417,8,17,12,5,71,1,6,5,105,219,5,1,2,1,0,3,0,0,72,5,0,2,16181
2021,"Bournemouth, Christchurch and Poole",E06000058,400194,187448,2022,2841,1601,6645,267,168851,295,110,7,93,168346,0,2947,262,7,40,31,1,0,0,0,10,23,6,3,30,32,78,0,0,8,1,545,23,698,17,23,1,6,34,25,20,12,349,457,28,6,1,2,0,8,0,10,101,7,8,34,27572
2021,Dorset,E06000059,379583,195676,1613,714,453,1562,117,152268,202,92,4,114,151856,0,2364,20,6,17,10,0,0,0,0,10,34,0,5,95,5,78,1,1,4,1,374,25,820,34,15,0,2,19,11,63,7,302,258,26,8,2,0,0,11,0,1,83,11,0,5,24816
2021,Buckinghamshire,E06000060,553073,260961,2914,14896,1688,38740,8811,189206,257,131,4,98,188716,0,2582,3,4,74,19,0,1,0,0,16,19,3,4,29,231,184,1,0,7,4,590,13,501,10,32,22,6,23,11,38,12,295,217,42,10,0,5,0,8,1,0,102,2,0,43,33275
2021,North Northamptonshire,E06000061,359526,172329,1095,4540,291,4373,1787,152998,111,70,1,46,152770,0,1901,154,1,44,11,0,0,0,2,8,19,0,1,27,53,52,0,3,1,3,374,9,478,11,31,62,7,29,5,4,2,132,245,15,3,0,5,0,6,7,1,77,7,0,12,20212
2021,West Northamptonshire,E06000062,425725,210553,1515,5431,430,14694,1791,162751,213,83,2,76,162376,1,2406,29,4,24,12,1,0,0,0,7,15,0,1,45,207,65,0,2,2,5,568,15,653,7,43,86,2,34,7,11,3,181,231,14,3,5,6,0,0,7,1,95,3,0,12,26154
2021,Bolton,E08000001,295967,139144,576,5887,159,58997,219,76246,76,51,2,31,76086,0,981,27,0,4,5,2,0,0,0,4,4,2,0,24,26,39,0,0,1,2,213,3,284,2,13,0,2,21,6,3,1,72,127,9,1,1,2,4,0,0,0,71,1,0,5,13758
2021,Bury,E08000002,193849,94669,508,874,10734,19243,575,57007,60,24,0,24,56899,0,648,0,4,15,2,0,2,0,0,1,6,0,0,14,2,21,0,0,1,3,156,7,167,6,5,1,1,20,5,1,3,52,87,12,6,0,4,0,0,0,1,32,2,6,3,9591
2021,Manchester,E08000003,551943,199873,3219,6048,2632,122962,2718,179037,402,150,3,86,178396,0,2741,43,6,66,27,3,2,0,2,15,12,2,6,21,191,74,0,1,4,6,658,22,516,16,93,15,7,75,22,17,8,370,179,40,15,0,14,4,3,0,6,105,10,18,47,32713
2021,Oldham,E08000004,242083,108720,468,1222,146,59031,132,60504,54,26,1,18,60404,1,587,3,0,3,6,0,0,1,0,4,4,1,2,7,7,9,0,0,0,0,138,3,159,5,38,0,3,10,3,0,2,60,68,7,3,0,0,0,1,0,0,37,1,0,2,11273
2021,Rochdale,E08000005,223768,104841,398,613,218,42121,191,64347,50,28,0,24,64245,0,673,9,4,8,2,0,0,0,0,1,8,5,0,16,3,11,0,0,1,1,170,4,198,6,5,0,4,10,4,5,0,57,84,5,0,0,0,0,1,0,0,38,0,0,13,10366
2021,Salford,E08000006,269921,128785,1022,2113,10373,13542,728,96140,220,54,1,28,95837,0,1066,1,0,13,9,1,0,0,0,3,4,1,2,14,15,21,0,0,5,2,258,6,290,12,7,2,1,22,9,1,5,153,124,12,0,5,5,1,2,0,2,44,3,0,11,16152
2021,Stockport,E08000007,294774,139951,964,2388,1234,16332,503,116748,141,63,0,51,116493,0,1209,4,3,43,11,0,0,0,0,3,7,0,0,13,215,37,1,0,1,0,247,10,248,6,15,3,2,26,0,2,7,103,104,10,3,1,1,5,0,1,0,48,8,3,18,15445
2021,Tameside,E08000008,231067,110539,588,3096,87,16945,181,87910,86,33,0,26,87765,0,875,0,0,12,2,1,1,0,0,1,4,5,0,25,23,24,0,0,2,2,201,4,260,5,8,0,1,15,5,12,1,65,117,12,2,1,0,1,0,0,0,48,6,1,8,10846
2021,Trafford,E08000009,235050,113712,955,4656,2408,20549,1984,77864,95,54,0,35,77680,0,915,3,4,73,7,1,0,1,1,2,4,1,0,13,72,36,0,0,2,0,234,6,166,3,20,2,2,12,3,1,0,103,64,19,3,0,7,3,2,0,0,30,2,4,9,12007
2021,Wigan,E08000010,329333,206870,831,995,84,4155,122,99784,84,42,3,24,99631,0,1102,11,5,7,8,0,0,0,0,2,16,0,0,26,0,16,1,0,0,1,249,13,362,10,7,0,4,25,1,1,7,83,144,11,1,1,4,3,1,0,1,55,6,15,5,15390
2021,Knowsley,E08000011,154519,102929,260,456,86,968,65,42001,33,20,0,6,41942,0,285,13,0,10,0,0,0,0,0,1,6,0,0,11,0,2,0,0,0,3,75,2,72,6,1,0,1,6,1,0,1,28,18,6,0,0,0,0,0,0,0,22,0,0,0,7469
2021,Liverpool,E08000012,486085,278330,2128,3802,1807,25756,641,142993,294,113,2,46,142538,0,1989,123,1,40,15,0,20,0,0,7,9,6,9,30,14,48,2,0,1,6,420,18,475,24,35,5,7,54,7,5,11,247,160,32,31,4,6,0,7,0,6,77,11,6,10,28639
2021,St. Helens,E08000013,183249,114200,501,597,63,1340,54,57189,68,37,0,11,57073,0,650,15,1,6,4,0,0,0,0,1,8,0,1,17,1,7,0,0,0,1,130,8,221,4,8,0,1,11,3,0,2,45,89,5,0,0,0,0,1,0,2,50,1,0,7,8655
2021,Sefton,E08000014,279235,179806,681,1095,364,2257,133,79905,119,47,0,47,79692,0,982,12,0,12,6,0,1,0,0,3,8,0,1,13,5,19,0,0,0,2,246,6,260,6,3,0,4,21,0,2,1,126,138,17,6,1,0,1,3,0,0,55,1,0,3,14012
2021,Wirral,E08000015,320200,176159,1015,1406,256,3257,311,119447,135,66,1,67,119176,2,1257,29,1,3,9,1,0,0,0,1,15,0,0,24,7,36,0,0,2,1,235,6,438,9,10,0,5,19,3,2,3,116,148,20,3,0,0,0,4,0,2,89,9,0,7,17092
2021,Barnsley,E08000016,244572,125502,435,416,62,1404,256,102906,82,45,1,16,102761,1,863,5,2,1,4,0,0,0,0,3,8,0,0,14,1,9,0,0,0,2,203,5,257,5,6,0,1,16,4,7,2,61,166,8,4,0,1,0,0,0,0,50,2,8,8,12728
2021,Doncaster,E08000017,308107,156747,821,1294,116,6898,1391,122645,99,63,0,31,122451,1,1725,335,2,7,5,0,0,0,0,4,12,0,0,40,3,31,0,1,2,0,277,9,331,8,24,3,1,38,1,105,3,95,281,4,0,3,0,0,2,0,0,83,8,3,4,16470
2021,Rotherham,E08000018,265811,130147,542,666,81,13465,461,105822,81,41,0,30,105670,0,935,38,3,9,6,0,0,0,0,1,11,0,0,26,3,4,0,0,0,1,203,6,268,2,3,0,0,21,3,2,1,61,174,4,4,1,0,0,2,0,2,71,2,0,3,13692
2021,Sheffield,E08000019,556522,214136,2215,3759,649,57044,927,241556,424,179,3,103,240847,0,2636,177,14,51,14,2,1,0,1,9,24,7,1,50,42,54,3,0,2,3,525,28,672,28,54,3,6,53,12,18,8,262,261,47,11,1,6,6,11,0,3,117,15,11,23,33600
2021,Newcastle upon Tyne,E08000021,300124,124009,1352,4212,573,26896,1449,122486,227,73,0,46,122139,1,1278,71,4,38,6,0,1,0,3,9,12,3,0,18,41,33,1,0,3,5,298,14,249,10,9,1,4,30,8,2,4,126,128,32,2,0,2,2,4,0,1,67,1,4,32,17869
2021,North Tyneside,E08000022,208972,97333,587,823,128,2517,437,96413,94,41,1,40,96237,0,780,4,1,19,7,0,0,0,1,3,4,0,2,22,11,10,0,0,1,2,159,6,174,1,4,0,3,19,4,3,4,86,155,3,4,0,1,0,3,0,0,50,3,0,11,9954
2021,South Tyneside,E08000023,147773,77783,264,259,36,3736,461,58045,43,36,0,15,57951,0,517,12,0,0,2,0,0,0,1,1,5,0,1,12,0,9,0,0,0,0,103,4,148,4,4,0,1,11,5,1,2,56,85,2,0,0,0,0,0,0,1,40,1,0,6,6672
2021,Sunderland,E08000024,274178,145806,539,611,87,4846,915,108263,78,45,6,17,108117,0,839,3,1,5,3,0,1,0,0,0,4,1,0,32,3,10,0,1,2,3,166,3,253,3,6,0,3,25,7,0,5,76,142,7,4,0,0,0,1,0,0,59,6,0,4,12272
2021,Birmingham,E08000025,1144912,389406,4340,21997,1687,341811,33126,276327,421,185,6,100,275614,1,6362,12,11,93,67,5,0,0,1,16,21,0,3,50,185,244,2,1,3,6,1227,49,923,34,418,1522,24,75,43,20,9,464,341,56,12,4,17,6,5,121,5,163,12,20,72,69856
2021,Coventry,E08000026,345326,151577,1257,13724,259,35800,17297,102336,176,67,1,48,102043,1,1910,29,0,26,12,0,0,0,0,9,9,1,8,31,106,88,0,0,1,1,319,9,371,7,37,299,2,23,2,13,5,147,136,17,1,0,3,0,3,81,0,67,4,18,25,21166
2021,Dudley,E08000027,323489,159461,798,2193,83,19978,5316,116404,106,49,1,33,116215,0,1464,9,3,3,6,0,1,0,0,2,14,0,0,24,9,45,0,1,1,0,242,13,448,6,33,98,1,25,9,13,7,82,248,14,1,0,1,0,0,9,0,81,13,0,2,17792
2021,Sandwell,E08000028,341831,136354,943,9447,79,45763,39252,89099,84,34,2,14,88965,0,2429,21,5,3,10,4,0,0,0,2,4,0,1,19,18,74,0,1,1,3,336,3,277,5,85,1004,1,17,13,14,2,106,165,14,3,1,6,0,2,130,2,72,0,1,4,18465
2021,Solihull,E08000029,216236,109707,594,6037,283,11532,5029,71064,84,24,0,30,70926,0,817,3,1,20,5,0,0,1,0,0,8,1,0,22,83,63,0,0,2,2,166,5,178,5,12,25,0,12,1,0,3,72,75,7,0,0,0,0,3,0,0,29,0,0,13,11173
2021,Walsall,E08000030,284124,126921,533,5096,74,32107,17148,85820,62,27,0,12,85719,0,1657,1,1,5,8,1,0,0,1,4,3,0,2,33,31,45,0,0,0,2,251,4,255,2,36,661,1,12,8,1,0,64,143,7,4,0,1,0,0,3,1,60,2,0,4,14768
2021,Wolverhampton,E08000031,263729,115640,915,9882,94,14489,31769,73317,79,30,0,20,73187,1,3158,0,2,7,18,0,0,0,0,1,9,0,1,24,21,64,0,0,2,3,272,4,267,7,91,1903,2,16,1,12,1,85,135,13,1,1,1,0,3,119,1,58,5,1,7,14465
2021,Bradford,E08000032,546408,182566,959,4757,254,166846,4834,154305,170,104,3,76,153952,0,2071,9,1,16,26,3,0,1,0,8,8,1,0,31,16,30,0,0,2,6,448,42,559,11,45,173,2,46,4,3,9,140,264,16,1,4,2,0,13,0,1,121,2,0,7,29816
2021,Calderdale,E08000033,206629,85677,630,1173,153,19650,387,86787,99,59,1,48,86580,0,1043,3,13,23,11,0,0,1,0,2,24,0,0,26,14,32,1,0,3,2,230,11,281,18,18,5,5,25,3,2,0,86,136,19,0,4,0,2,1,0,0,36,2,0,4,11129
2021,Kirklees,E08000034,433217,170577,996,1723,187,80046,3476,150598,130,77,0,63,150328,0,1665,17,6,23,9,0,6,0,1,5,10,0,0,38,19,37,0,0,1,4,369,9,451,5,41,27,4,37,7,6,6,158,201,27,10,3,2,0,1,0,0,111,7,0,7,23949
2021,Leeds,E08000035,811950,343311,2874,9217,6267,63054,10047,326230,536,230,1,129,325334,0,3635,14,10,71,35,17,0,0,0,14,27,1,9,71,64,109,4,3,4,7,848,36,945,37,73,41,4,110,9,7,15,414,312,55,16,4,12,0,9,0,4,174,13,6,31,47315
2021,Wakefield,E08000036,353367,173070,797,1270,127,11279,501,145949,113,65,1,19,145751,0,1402,2,1,6,7,4,1,0,0,2,11,0,0,41,3,26,0,1,1,4,277,8,449,7,19,0,3,32,3,1,2,96,279,12,2,1,1,0,5,0,0,81,5,0,9,18972
2021,Gateshead,E08000037,196153,99572,469,522,2905,4126,386,78572,64,42,0,16,78450,0,797,28,1,15,1,0,0,0,0,1,10,0,0,25,9,20,0,1,3,2,164,6,190,5,4,0,4,22,4,1,2,59,133,10,3,0,1,2,2,0,1,54,1,0,13,8804
2021,City of London,E09000001,8579,2976,95,203,177,540,6,3762,17,5,0,1,3739,0,53,0,0,0,0,0,0,0,0,0,1,0,0,0,4,1,0,0,0,0,21,0,5,0,1,0,0,2,0,1,0,9,4,0,0,0,2,0,0,0,0,1,0,0,1,767
2021,Barking and Dagenham,E09000002,218869,99342,821,6596,272,53389,4284,41192,58,21,0,8,41105,0,982,80,1,9,24,0,0,0,0,3,5,11,1,7,31,154,0,1,2,0,262,1,109,0,45,41,0,6,2,32,2,64,51,6,0,0,5,2,0,1,0,17,1,0,6,11991
2021,Barnet,E09000003,389343,142321,4158,22105,56616,47688,1524,78684,223,96,1,38,78326,0,5191,429,3,105,58,11,0,1,3,11,9,15,13,5,2459,231,1,0,4,3,814,14,142,6,32,4,5,14,9,15,56,238,105,41,8,1,73,3,7,0,0,31,2,0,210,31056
2021,Bexley,E09000004,246477,123908,2048,7516,217,9721,5272,82816,90,41,1,26,82658,0,993,36,0,18,9,0,0,0,1,1,5,0,0,19,39,43,1,2,2,1,217,4,170,2,11,72,0,13,3,16,5,94,116,27,4,1,4,0,1,0,2,39,2,0,13,13986
2021,Brent,E09000005,339814,131914,3117,52876,3723,72574,1530,46153,139,63,2,28,45921,0,4421,22,2,34,23,55,0,0,1,6,0,57,6,2,2488,144,1,0,2,4,821,13,71,6,127,9,1,27,2,32,12,218,92,12,3,1,10,1,3,0,7,14,3,2,87,23506
2021,Bromley,E09000006,329990,159452,2100,9644,966,10876,1068,122943,204,91,2,65,122580,1,1703,79,2,27,9,0,1,0,2,8,9,5,4,12,115,72,2,0,1,2,434,8,209,11,58,4,4,27,1,10,18,240,151,20,9,4,10,17,2,0,0,41,1,5,69,21238
2021,Camden,E09000007,210131,65980,2410,3991,10079,33830,487,72776,247,112,2,76,72339,0,1835,70,7,57,21,2,0,0,2,11,7,15,1,5,190,109,0,0,5,1,508,18,136,18,44,4,1,21,9,4,38,274,80,41,12,0,6,0,9,0,2,27,7,3,70,18743
2021,Croydon,E09000008,390723,190880,2371,23145,609,40717,1654,101120,212,74,3,58,100773,0,3192,106,2,22,42,0,0,0,1,4,8,0,12,15,863,131,1,0,2,0,764,18,236,9,138,1,7,16,15,10,13,321,229,27,6,0,24,19,3,0,4,54,5,17,47,27035
2021,Ealing,E09000009,367117,138937,4003,28236,1041,68907,28491,70230,189,43,0,37,69961,0,2739,18,2,50,23,3,1,0,5,13,5,89,6,4,311,157,1,0,3,3,615,27,136,9,65,347,2,22,12,175,48,209,129,26,6,2,6,8,5,50,5,40,2,0,99,24533
2021,Enfield,E09000010,329982,153015,1716,10231,3713,61477,1199,65242,128,42,3,69,65000,0,10348,7883,0,39,25,2,0,0,0,13,4,4,1,9,903,140,1,0,0,3,663,7,146,10,84,4,1,10,6,3,9,174,90,10,0,0,22,0,6,0,0,21,2,6,47,23041
2021,Greenwich,E09000011,289066,129112,5034,11647,603,24715,3229,94207,208,65,1,42,93890,1,1803,76,4,40,6,0,1,0,0,8,10,3,7,22,59,85,0,0,1,3,497,16,196,13,52,2,10,22,12,187,12,195,135,34,4,1,15,4,6,0,4,40,2,1,18,18716
2021,Hackney,E09000012,259139,79499,2343,1998,17426,34578,1867,94110,253,118,0,44,93695,0,4876,2886,8,24,28,0,2,0,0,6,4,0,9,5,29,78,0,2,2,3,781,12,165,52,157,6,5,22,17,1,15,372,72,28,6,4,11,0,2,0,11,22,8,1,20,22442
2021,Hammersmith and Fulham,E09000013,183161,83673,1723,2209,1228,21290,450,56059,159,71,3,26,55800,0,1231,36,4,36,24,0,0,0,1,11,2,20,0,6,46,73,2,0,2,3,361,10,97,4,52,0,3,16,12,3,17,183,80,25,5,1,5,0,5,0,3,21,5,1,56,15298
2021,Haringey,E09000014,264238,103944,2455,3529,9397,33295,892,83537,282,89,3,60,83100,3,6162,4153,5,43,24,1,1,0,1,14,6,4,3,7,124,95,4,0,0,8,720,11,197,29,147,1,5,26,1,8,12,284,68,30,8,4,10,0,7,0,8,33,7,8,45,21027
2021,Harrow,E09000015,261208,88602,2812,67392,7304,41503,2743,27748,93,36,1,28,27590,0,7700,74,1,55,14,7,4,0,1,5,2,1,7,7,6246,176,2,0,1,0,437,5,59,5,23,1,0,5,2,136,5,91,95,14,3,0,8,10,3,0,1,15,3,3,173,15404
2021,Havering,E09000016,262052,136765,1092,6454,1305,16135,4498,80235,87,35,0,23,80090,0,1056,55,3,23,4,1,1,0,0,2,3,0,0,8,105,56,0,1,0,1,251,4,179,6,14,33,8,21,1,22,3,83,96,8,1,2,6,0,1,2,0,37,1,0,14,14512
2021,Hillingdon,E09000017,305906,119434,2621,33020,1392,44077,26339,59213,114,53,1,28,59017,0,2681,28,5,26,14,1,0,0,0,2,1,20,2,5,865,195,0,0,3,1,359,10,137,2,19,305,1,8,4,198,5,120,114,19,1,0,2,0,7,52,0,29,2,0,119,17129
2021,Hounslow,E09000018,288175,110269,3932,27360,622,48028,24677,53502,108,43,0,29,53322,0,2316,10,1,41,25,0,1,0,0,4,0,44,5,4,586,153,1,0,2,2,362,8,145,6,21,84,4,13,3,371,8,144,92,11,5,1,2,0,2,16,1,27,2,11,98,17469
2021,Islington,E09000019,216590,75129,1813,2195,2714,25840,603,88465,286,119,1,44,88015,0,2929,1415,9,34,29,0,0,0,0,12,9,5,4,4,54,87,2,1,4,3,468,7,151,22,69,4,5,25,2,2,13,294,81,40,3,1,8,0,9,0,4,21,6,0,22,16902
2021,Kensington and Chelsea,E09000020,143378,69335,1606,1584,2681,16865,319,35610,134,39,2,14,35421,0,1067,7,2,38,15,0,0,0,0,7,0,39,1,38,38,73,1,0,1,1,364,11,54,5,31,1,4,7,2,7,21,158,44,20,4,0,2,0,4,0,1,9,0,3,54,14311
2021,Kingston upon Thames,E09000021,168068,71670,1726,8456,693,13366,1428,57642,132,54,1,25,57428,2,1121,16,3,22,18,1,0,0,1,7,3,14,0,9,175,75,1,0,0,2,248,3,121,5,15,4,5,10,5,2,10,155,69,26,7,0,0,1,2,0,0,14,4,8,60,11966
2021,Lambeth,E09000022,317657,138714,2437,3179,1344,25871,527,119124,392,138,3,70,118521,0,2351,43,11,16,33,2,0,0,2,7,6,1,6,10,122,80,0,0,2,3,772,22,211,9,229,3,11,14,11,6,9,407,136,37,8,3,26,7,8,0,7,42,0,0,29,24110
2021,Lewisham,E09000023,300551,131706,3270,6459,826,22264,720,110379,281,141,0,64,109893,0,2267,74,12,35,19,1,3,0,1,6,5,2,4,28,26,94,4,0,4,4,722,18,254,28,161,8,2,25,6,1,19,395,117,47,5,4,15,0,5,0,4,57,13,4,35,22660
2021,Merton,E09000024,215185,101320,1899,12610,754,21673,614,60224,157,60,0,32,59975,0,1203,41,3,32,20,0,0,0,0,6,8,7,1,7,114,79,0,0,0,0,321,13,118,9,28,1,2,11,2,4,13,158,88,17,4,0,9,4,0,0,6,24,3,0,50,14888
2021,Newham,E09000025,351038,123746,2160,21405,448,122146,5638,50794,175,46,0,17,50556,0,1768,81,2,18,15,0,0,0,0,3,8,1,6,6,162,95,0,0,4,0,591,16,96,6,90,164,5,16,22,17,4,187,57,20,7,0,5,1,0,2,3,32,2,0,24,22933
2021,Redbridge,E09000026,310258,94473,1611,34372,6412,97068,17622,39001,125,45,2,31,38798,0,2024,245,0,20,16,1,0,0,1,3,5,0,1,4,544,176,2,0,1,1,389,4,66,2,36,160,3,12,1,1,9,113,81,17,2,0,4,0,1,4,0,18,4,0,77,17675
2021,Richmond upon Thames,E09000027,195280,88556,1593,4184,1262,8492,1987,74076,161,83,1,58,73773,0,1275,19,4,39,15,1,0,0,3,6,5,3,2,12,120,83,0,0,1,0,324,7,110,10,16,5,5,7,8,5,17,210,83,21,3,1,0,0,8,0,2,19,4,0,97,13855
2021,Southwark,E09000028,307630,133298,2965,3444,1243,29633,632,111932,311,124,3,62,111432,0,2145,69,2,38,28,0,0,0,0,7,5,3,10,9,79,85,1,0,4,4,644,15,200,14,127,2,4,27,44,9,13,388,116,45,10,3,23,4,6,0,6,35,6,6,54,22338
2021,Sutton,E09000029,209640,95960,1822,14666,407,14736,447,67769,122,33,0,29,67584,1,1244,61,0,15,11,0,0,1,1,5,3,2,4,11,160,75,0,0,0,0,284,2,167,6,15,2,0,12,6,11,10,112,137,10,6,0,1,22,1,0,1,27,1,0,62,12589
2021,Tower Hamlets,E09000030,310307,69223,2961,6298,1341,123912,966,82635,295,92,0,31,82217,0,1653,94,10,30,15,0,4,0,0,7,8,4,1,5,152,59,0,0,0,1,450,22,147,13,44,6,7,28,7,2,21,283,75,42,10,0,13,0,8,1,7,31,6,2,38,21318
2021,Waltham Forest,E09000031,278429,108630,1834,5155,1268,60157,1285,77739,197,98,1,57,77385,1,2813,1383,2,17,21,0,3,0,0,5,6,8,1,5,41,67,3,0,2,0,528,5,170,12,85,4,3,17,12,2,12,201,95,16,7,0,4,0,6,11,2,33,2,0,22,19548
2021,Wandsworth,E09000032,327501,139656,2275,6419,1756,32519,967,118543,321,113,2,58,118049,0,1866,20,6,38,38,3,0,0,1,16,6,16,3,10,76,138,0,0,4,2,524,28,136,15,66,1,7,14,6,12,18,330,142,29,3,0,7,3,8,0,12,36,6,9,77,23500
2021,Westminster,E09000033,204242,76245,2603,4457,5628,40873,573,52937,174,50,2,23,52688,0,1747,24,4,50,23,0,2,0,1,8,2,51,1,6,198,105,1,1,1,5,551,9,85,8,25,1,3,7,13,1,36,218,87,30,1,1,6,1,3,0,6,15,1,2,154,19179
2021,Cambridgeshire,E10000003,678843,306302,3698,7245,1978,13953,1165,293132,500,257,3,183,292188,1,3849,203,15,124,25,8,1,0,1,21,26,1,1,60,109,114,3,0,9,11,827,34,956,40,38,11,6,69,9,27,20,377,404,61,24,2,6,0,13,0,3,156,10,1,23,47521
2021,Cumbria,E10000006,499842,284987,1564,703,237,2186,106,179007,170,131,2,103,178601,0,1903,16,5,25,21,0,0,0,1,5,26,2,0,40,7,72,0,0,4,0,417,9,622,25,16,1,8,36,8,14,7,154,167,22,9,4,0,0,15,0,0,126,12,0,7,29149
2021,Derbyshire,E10000007,794640,380102,1940,2071,385,3657,3375,354598,364,159,3,126,353946,0,3865,27,8,23,21,2,0,0,0,5,39,0,1,92,14,89,1,2,9,7,668,21,1375,27,29,28,7,72,10,16,14,322,636,35,3,2,0,0,12,0,1,213,21,5,8,44647
2021,Devon,E10000008,811640,380573,3300,1410,860,4833,384,361102,567,240,9,270,360016,0,5335,32,45,50,27,1,1,0,1,21,69,2,1,79,35,212,7,2,14,17,929,41,1834,61,46,1,10,76,21,38,22,593,635,88,10,2,1,0,33,0,1,224,24,0,29,53843
2021,East Sussex,E10000011,545841,250334,2554,1890,1145,6194,210,244052,336,129,11,161,243413,2,4124,47,21,54,20,5,2,1,0,10,44,1,10,59,26,131,3,2,6,9,775,29,1107,46,21,4,7,49,421,9,23,464,435,47,8,3,7,2,15,2,1,150,20,4,24,35338
2021,Essex,E10000012,1503520,720752,5786,15357,8078,24485,3641,632296,722,277,6,213,631074,4,7066,575,7,87,44,0,0,0,1,23,38,7,8,104,207,254,2,0,9,4,1374,46,1695,55,57,16,13,89,24,163,20,639,1004,93,26,3,9,0,13,0,0,272,20,0,65,86059
2021,Gloucestershire,E10000013,645079,317610,2383,3777,688,9347,761,266958,409,173,5,183,266184,4,3513,4,17,41,17,1,0,0,4,19,33,10,5,55,23,117,2,0,11,1,698,26,1066,30,48,4,17,52,8,68,9,411,426,63,9,3,2,0,11,0,2,162,15,3,20,40042
2021,Hampshire,E10000014,1400895,669999,10775,15919,1439,12725,3205,598900,749,372,10,306,597461,2,7916,51,15,72,43,0,1,0,2,19,82,7,2,136,91,202,3,3,12,3,1348,55,2114,57,69,33,13,109,19,1090,37,674,1018,74,15,7,4,0,10,0,3,356,26,0,41,80017
2021,Hertfordshire,E10000015,1198798,557117,6562,35545,26436,47378,6016,438364,603,295,4,211,437248,3,8631,1421,12,148,46,4,2,1,0,20,51,3,7,61,1773,434,1,0,14,12,1354,47,995,32,88,72,11,67,16,22,31,678,640,91,19,0,12,10,13,1,3,217,24,0,178,72749
2021,Kent,E10000016,1576067,763716,8749,19242,2050,25614,12307,644190,809,344,12,293,642731,1,9570,127,20,82,58,3,3,0,2,34,58,4,12,144,128,269,3,4,5,9,1647,62,2259,60,70,167,23,145,37,1721,27,836,878,98,19,2,15,12,24,0,3,394,39,0,67,90629
2021,Lancashire,E10000017,1235358,675521,3304,7384,958,85176,1771,389377,515,229,11,159,388463,0,5048,15,15,81,33,0,3,0,0,16,51,0,0,138,32,141,2,1,5,10,1007,41,1631,40,65,17,14,118,12,8,12,425,694,52,9,7,3,0,16,0,4,280,25,0,25,66819
2021,Leicestershire,E10000018,712365,325889,1981,26256,530,16071,11892,287394,376,139,4,114,286760,1,3274,42,4,29,23,4,0,1,0,11,41,3,2,49,316,159,1,1,1,3,604,22,884,20,28,46,8,43,5,28,5,278,410,26,13,3,4,0,2,5,0,136,5,0,9,39078
2021,Lincolnshire,E10000019,768366,412589,1823,2494,495,5409,678,294201,348,173,3,123,293551,3,3783,44,7,39,12,1,0,0,1,14,31,0,7,74,15,71,2,1,7,7,698,25,1314,29,30,0,8,69,8,10,9,345,524,38,10,2,0,1,9,0,0,275,16,12,18,46894
2021,Norfolk,E10000020,916125,430442,3414,3697,1177,8146,566,404947,516,229,7,199,403994,2,5299,98,11,47,40,2,0,0,1,19,35,3,0,113,47,143,1,4,9,11,1014,62,1685,51,50,2,17,94,10,35,23,522,757,52,16,2,0,0,16,0,3,262,23,1,18,58437
2021,North Yorkshire,E10000023,615489,342441,2035,1679,631,2984,325,226879,322,118,2,159,226277,1,2757,5,10,24,22,2,1,0,4,9,33,0,3,67,11,66,1,0,8,9,610,21,854,26,34,2,16,45,11,117,6,270,278,33,18,1,1,0,4,2,0,113,11,0,9,35758
2021,Nottinghamshire,E10000024,824819,381632,2337,5139,710,11185,4037,369532,411,190,3,146,368781,1,3744,90,12,46,30,3,1,0,3,12,45,1,5,95,74,125,1,0,2,4,699,15,1241,19,51,7,10,71,6,12,6,308,491,30,11,0,3,0,6,0,0,168,13,4,24,46503
2021,Oxfordshire,E10000025,725289,343314,3901,6332,2117,23481,1785,290116,629,235,6,198,289048,0,4227,58,16,135,50,9,0,2,0,17,38,4,2,70,81,147,1,1,2,7,982,15,930,45,61,16,8,56,7,272,32,449,361,58,10,3,4,1,8,50,9,137,14,8,51,50016
2021,Somerset,E10000027,571546,286672,1930,1103,451,2600,189,237262,320,138,4,148,236652,0,3960,8,26,32,12,0,3,0,0,8,61,0,0,76,10,106,14,3,10,11,671,33,1633,45,35,1,10,41,5,18,11,463,355,53,6,3,0,0,16,0,2,147,20,0,12,37379
2021,Staffordshire,E10000028,876108,472054,2492,3718,345,17036,4561,325615,315,171,1,117,325011,0,3813,28,8,18,21,2,0,0,0,15,48,6,1,96,38,68,0,0,2,5,654,25,1242,22,57,103,9,73,4,106,20,254,592,40,9,3,2,0,5,4,0,193,16,13,11,46474
2021,Suffolk,E10000029,760686,358454,2792,3024,778,9279,770,334644,418,205,4,182,333835,0,4017,112,7,28,27,0,0,1,0,14,51,1,1,88,29,91,2,3,5,3,780,20,1191,42,60,4,19,153,5,24,13,415,526,42,10,1,0,1,10,0,1,202,12,6,17,46928
2021,Surrey,E10000030,1203108,603072,6990,23742,3099,38138,7144,440069,680,317,8,222,438841,1,5527,53,12,209,51,1,6,1,0,24,47,14,6,66,266,301,3,1,10,4,1173,44,1033,50,40,29,13,69,52,234,42,660,484,60,32,2,7,4,12,6,12,193,15,3,183,75327
2021,Warwickshire,E10000031,596774,300708,2295,10492,591,9235,12259,224585,307,147,4,107,224018,2,3064,32,5,82,23,0,0,1,0,6,33,2,2,46,94,116,1,0,1,3,587,13,706,14,28,88,8,40,2,293,17,273,311,34,12,1,1,0,12,5,1,143,10,0,18,33545
2021,West Sussex,E10000032,882679,424495,3778,10128,1707,19225,1385,363051,502,221,6,165,362156,1,5111,57,11,93,30,5,1,0,2,17,47,0,0,57,143,129,2,0,6,9,1029,35,1289,30,52,19,10,72,398,13,12,580,621,51,10,6,0,0,16,0,1,193,13,0,52,53799
2021,Worcestershire,E10000034,603679,319892,1691,1882,416,10881,2310,228988,297,117,4,99,228471,0,2661,2,8,25,12,1,1,0,0,8,27,1,0,38,18,92,2,0,6,3,508,14,882,25,19,7,4,59,8,5,7,274,380,31,7,3,0,2,4,0,2,163,8,0,5,34958
2021,Isle of Anglesey,W06000001,68878,35485,154,62,30,328,30,28066,29,17,0,15,28005,0,277,0,3,7,0,0,0,1,0,0,10,0,0,4,2,4,0,0,0,5,58,1,90,3,0,0,0,7,1,0,0,35,25,5,0,2,0,0,1,0,0,9,4,0,0,4446
2021,Gwynedd,W06000002,117394,54249,426,255,59,1137,46,51940,88,28,0,40,51784,0,770,1,7,23,2,0,0,0,0,5,14,0,1,11,8,34,2,1,0,5,106,6,301,12,10,0,2,11,2,2,0,73,60,6,0,3,0,0,5,0,2,48,5,0,2,8512
2021,Conwy,W06000003,114741,58283,375,254,63,842,33,46946,72,25,0,31,46818,0,621,0,5,11,3,0,2,0,0,3,9,0,0,13,0,13,1,0,2,1,89,14,214,9,5,1,1,5,0,1,1,67,98,4,3,0,0,0,1,0,0,41,3,0,1,7324
2021,Denbighshire,W06000004,95821,47226,320,209,48,740,38,40297,35,23,0,23,40216,0,487,3,1,3,3,0,0,0,0,1,13,2,0,9,4,5,0,0,1,0,93,5,161,10,5,0,0,3,2,2,0,46,69,10,2,0,0,0,0,0,1,29,4,0,0,6456
2021,Flintshire,W06000005,154961,79849,397,320,60,739,23,62995,59,28,1,20,62887,0,476,8,2,3,1,0,0,0,0,2,6,0,0,4,2,8,0,0,0,3,89,8,165,2,3,0,0,11,1,0,0,52,62,4,0,0,0,0,1,0,0,35,4,0,0,10102
2021,Wrexham,W06000006,135114,66880,404,333,51,1540,78,56478,51,27,1,20,56379,0,509,22,0,0,0,2,0,0,0,1,4,0,0,9,0,16,0,0,1,0,93,4,182,1,2,3,1,11,1,2,1,43,64,5,1,3,0,0,1,0,0,31,2,0,3,8841
2021,Ceredigion,W06000008,71476,33409,378,158,75,515,35,30749,69,25,0,31,30624,0,677,1,12,4,3,0,0,0,0,4,7,0,0,14,3,23,0,0,1,3,98,7,269,9,3,0,2,19,0,2,3,77,50,13,1,1,0,0,1,0,0,38,4,0,5,5480
2021,Pembrokeshire,W06000009,123360,60174,462,161,58,587,32,52998,71,40,3,56,52827,1,743,17,4,2,9,0,0,0,0,1,9,0,0,7,4,28,0,0,3,1,135,12,273,7,4,0,1,6,0,6,0,92,70,6,0,0,0,0,3,0,1,34,7,0,1,8145
2021,Carmarthenshire,W06000010,187898,89378,557,419,103,1026,177,83407,80,42,0,27,83258,0,1128,1,4,13,12,0,0,1,0,1,25,0,1,16,2,45,2,0,1,1,183,3,389,8,4,0,1,9,1,36,2,135,142,15,4,0,1,0,9,0,0,59,2,0,0,11703
2021,Swansea,W06000011,238485,98492,942,1010,159,7694,346,112687,146,61,2,41,112436,1,1170,18,3,33,16,0,1,0,0,3,14,3,2,22,6,29,1,0,1,6,221,10,333,9,32,3,6,38,1,5,6,147,97,15,3,0,4,2,1,0,1,67,5,3,3,15985
2021,Neath Port Talbot,W06000012,142287,59974,383,400,32,1062,151,70942,68,30,2,28,70814,0,627,7,0,0,4,0,0,0,0,1,3,0,0,9,1,14,0,1,3,1,95,2,217,3,3,0,5,14,1,1,1,63,114,8,1,0,0,0,1,0,0,48,5,0,1,8716
2021,Bridgend,W06000013,145487,58776,398,339,38,797,98,76140,64,23,0,39,76013,1,692,1,0,4,0,0,0,0,0,4,9,0,0,15,1,13,0,0,1,0,117,8,226,5,4,0,0,16,0,3,2,61,155,7,3,0,1,0,0,0,0,34,2,0,0,8209
2021,Vale of Glamorgan,W06000014,131940,58237,420,440,143,1205,147,63164,84,86,1,40,62953,0,638,0,3,6,4,0,0,0,0,1,8,1,0,11,3,20,1,1,0,0,149,5,146,6,8,0,3,12,3,3,2,74,117,8,2,0,1,0,1,0,1,26,3,0,9,7546
2021,Cardiff,W06000015,362301,138885,1630,5434,690,33650,1517,155588,313,114,1,89,155071,0,2019,27,4,43,20,1,0,0,0,6,20,0,3,19,40,47,0,0,4,4,466,15,505,26,26,0,9,50,6,16,8,255,217,36,1,3,2,4,8,0,3,75,9,15,26,22888
2021,Rhondda Cynon Taff,W06000016,237656,86474,588,497,72,1378,248,133486,105,43,1,34,133303,0,1087,12,1,7,3,0,0,0,0,1,19,0,1,19,3,22,0,1,1,1,168,7,353,9,4,0,5,18,2,1,1,110,216,9,0,1,0,0,2,0,0,78,8,0,4,13826
2021,Caerphilly,W06000018,175954,63998,322,246,84,594,210,99769,86,30,0,28,99624,1,765,15,1,11,3,0,0,0,0,1,14,0,0,17,5,11,0,1,1,0,124,3,255,0,6,0,2,17,1,3,2,61,147,11,3,0,0,1,2,0,1,38,6,0,2,9966
2021,Blaenau Gwent,W06000019,66905,24392,119,76,10,287,108,37706,28,9,0,2,37666,1,310,0,0,0,1,0,0,0,0,0,7,0,0,9,0,6,0,0,0,0,45,1,102,2,5,0,1,6,0,1,0,36,60,0,0,2,0,0,0,0,0,26,0,0,0,3897
2021,Torfaen,W06000020,92275,38327,260,253,14,363,62,46872,41,26,0,11,46794,0,493,1,0,4,2,0,0,0,0,1,4,0,0,5,0,8,1,0,0,0,57,2,167,0,5,0,1,8,0,75,1,43,71,1,1,1,0,0,0,0,1,33,0,0,0,5631
2021,Monmouthshire,W06000021,92959,45250,339,204,79,435,102,40311,66,22,0,33,40190,0,519,0,1,25,2,1,0,0,0,2,3,0,0,3,3,21,0,1,1,0,95,1,172,4,2,0,0,11,2,6,4,45,61,12,4,0,0,0,2,0,0,35,0,0,0,5720
2021,Newport,W06000022,159591,68287,479,761,90,11280,415,68563,97,32,0,20,68414,0,739,69,3,17,5,1,0,0,0,18,5,1,0,12,11,20,0,0,0,1,119,4,182,4,8,0,3,7,0,19,0,72,103,11,0,0,0,0,1,0,0,40,0,0,3,8977
2021,Powys,W06000023,133168,65134,595,307,81,462,72,55968,88,48,1,40,55791,0,937,0,15,7,8,0,0,0,0,0,16,0,0,6,0,29,0,1,1,2,145,7,343,12,3,1,1,17,1,82,4,81,87,12,3,2,1,0,4,0,0,37,8,0,1,9612
2021,Merthyr Tydfil,W06000024,58836,23614,127,110,5,289,82,31320,18,11,0,3,31288,0,228,9,0,0,1,0,0,0,0,0,1,0,0,9,3,2,0,0,0,0,44,1,59,0,3,0,0,8,1,0,0,26,53,1,0,0,0,0,0,0,0,6,0,0,1,3061
